{
  "num_images": 5019,
  "iou": 0.4942655717509569,
  "precision": 0.5892972248657959,
  "recall": 0.7539958288409963,
  "f1": 0.6615497864636188,
  "mae": 0.13888914292018759,
  "mean_inference_ms": 10.695606470108032
}