{
  "num_images": 5019,
  "iou": 0.3775623521363337,
  "precision": 0.46975063990275673,
  "recall": 0.6579899097146065,
  "f1": 0.5481600423694342,
  "mae": 0.1992363930223567,
  "mean_inference_ms": 8.033931255340576
}